id_sim,year_0,year_1,year_2,year_3,measure
0,100,73,78.11,107.7918,ret_idx
1,100,74,48.1,48.581,ret_idx
2,100,89,105.91,141.9194,ret_idx
3,100,112,91.84,123.0656,ret_idx
4,100,122,140.3,126.27,ret_idx
5,100,76,60.04,65.4436,ret_idx
6,100,90,72.0,91.44,ret_idx
7,100,62,62.0,40.3,ret_idx
8,100,95,94.05,70.5375,ret_idx
9,100,83,87.98,86.2204,ret_idx
10,100,75,100.5,69.345,ret_idx
11,100,87,121.8,119.364,ret_idx
12,100,104,65.52,79.2792,ret_idx
13,100,111,76.59,49.7835,ret_idx
14,100,90,107.1,100.674,ret_idx
15,100,80,100.0,108.0,ret_idx
16,100,131,111.35,96.8745,ret_idx
17,100,99,109.89,136.2636,ret_idx
18,100,139,147.34,187.1218,ret_idx
19,100,101,78.78,90.597,ret_idx
20,100,132,97.68,95.7264,ret_idx
21,100,72,69.84,48.888,ret_idx
22,100,96,128.64,162.0864,ret_idx
23,100,131,81.22,94.2152,ret_idx
24,100,60,44.4,37.74,ret_idx
25,100,80,87.2,87.2,ret_idx
26,100,120,104.4,74.124,ret_idx
27,100,61,61.0,73.81,ret_idx
28,100,85,68.0,63.92,ret_idx
29,100,82,114.8,136.612,ret_idx
30,100,65,39.0,47.19,ret_idx
31,100,99,87.12,76.6656,ret_idx
32,100,125,107.5,115.025,ret_idx
33,100,131,175.54,142.1874,ret_idx
34,100,63,52.29,46.5381,ret_idx
35,100,97,121.25,156.4125,ret_idx
36,100,121,134.31,112.8204,ret_idx
37,100,117,84.24,84.24,ret_idx
38,100,83,103.75,89.225,ret_idx
39,100,124,109.12,67.6544,ret_idx
40,100,140,98.0,69.58,ret_idx
41,100,115,89.7,98.67,ret_idx
42,100,94,108.1,107.019,ret_idx
43,100,133,122.36,140.714,ret_idx
44,100,130,128.7,131.274,ret_idx
45,100,134,104.52,118.1076,ret_idx
46,100,107,96.3,68.373,ret_idx
47,100,98,99.96,106.9572,ret_idx
48,100,93,103.23,86.7132,ret_idx
49,100,74,87.32,57.6312,ret_idx
50,100,77,72.38,47.7708,ret_idx
51,100,108,127.44,159.3,ret_idx
52,100,110,83.6,53.504,ret_idx
53,100,95,100.7,80.56,ret_idx
54,100,72,75.6,74.088,ret_idx
55,100,132,109.56,66.8316,ret_idx
56,100,129,138.03,139.4103,ret_idx
57,100,136,115.6,71.672,ret_idx
58,100,104,78.0,49.14,ret_idx
59,100,70,97.3,78.813,ret_idx
60,100,66,44.22,34.0494,ret_idx
61,100,62,59.52,57.7344,ret_idx
62,100,130,170.3,182.221,ret_idx
63,100,98,83.3,102.459,ret_idx
64,100,70,69.3,58.212,ret_idx
65,100,86,104.92,117.5104,ret_idx
66,100,134,186.26,240.2754,ret_idx
67,100,137,108.23,113.6415,ret_idx
68,100,80,52.0,58.76,ret_idx
69,100,61,68.93,51.6975,ret_idx
70,100,100,61.0,75.64,ret_idx
71,100,106,101.76,137.376,ret_idx
72,100,111,147.63,166.8219,ret_idx
73,100,131,183.4,212.744,ret_idx
74,100,111,137.64,134.8872,ret_idx
75,100,89,81.88,56.4972,ret_idx
76,100,64,48.64,63.7184,ret_idx
77,100,78,49.92,63.8976,ret_idx
78,100,88,71.28,60.588,ret_idx
79,100,72,77.04,54.6984,ret_idx
80,100,76,45.6,41.496,ret_idx
81,100,110,74.8,92.752,ret_idx
82,100,98,60.76,79.5956,ret_idx
83,100,113,97.18,99.1236,ret_idx
84,100,74,88.06,64.2838,ret_idx
85,100,67,61.64,80.132,ret_idx
86,100,67,81.74,87.4618,ret_idx
87,100,129,159.96,116.7708,ret_idx
88,100,84,71.4,45.696,ret_idx
89,100,74,79.92,83.1168,ret_idx
90,100,114,142.5,172.425,ret_idx
91,100,71,71.0,95.85,ret_idx
92,100,72,69.84,44.6976,ret_idx
93,100,65,83.85,65.403,ret_idx
94,100,63,69.3,77.616,ret_idx
95,100,108,131.76,159.4296,ret_idx
96,100,107,85.6,83.888,ret_idx
97,100,98,103.88,81.0264,ret_idx
98,100,134,184.92,197.8644,ret_idx
99,100,116,76.56,57.42,ret_idx
100,100,110,133.1,147.741,ret_idx
101,100,85,78.2,95.404,ret_idx
102,100,104,145.6,145.6,ret_idx
103,100,93,87.42,73.4328,ret_idx
104,100,64,51.84,63.7632,ret_idx
105,100,109,88.29,119.1915,ret_idx
106,100,72,72.0,89.28,ret_idx
107,100,64,72.96,89.0112,ret_idx
108,100,113,83.62,78.6028,ret_idx
109,100,80,71.2,60.52,ret_idx
110,100,118,135.7,161.483,ret_idx
111,100,132,122.76,88.3872,ret_idx
112,100,81,107.73,86.184,ret_idx
113,100,116,133.4,156.078,ret_idx
114,100,103,78.28,82.9768,ret_idx
115,100,116,89.32,98.252,ret_idx
116,100,99,63.36,81.7344,ret_idx
117,100,128,175.36,129.7664,ret_idx
118,100,80,56.0,66.64,ret_idx
119,100,113,89.27,66.0598,ret_idx
120,100,124,143.84,133.7712,ret_idx
121,100,86,70.52,48.6588,ret_idx
122,100,102,107.1,125.307,ret_idx
123,100,60,54.6,38.22,ret_idx
124,100,111,116.55,79.254,ret_idx
125,100,127,170.18,185.4962,ret_idx
126,100,85,111.35,96.8745,ret_idx
127,100,65,85.15,113.2495,ret_idx
128,100,105,75.6,89.964,ret_idx
129,100,87,117.45,122.148,ret_idx
130,100,94,94.0,64.86,ret_idx
131,100,64,71.68,50.8928,ret_idx
132,100,95,64.6,47.804,ret_idx
133,100,132,109.56,130.3764,ret_idx
134,100,73,75.92,96.4184,ret_idx
135,100,122,147.62,152.0486,ret_idx
136,100,72,56.88,50.0544,ret_idx
137,100,122,98.82,96.8436,ret_idx
138,100,129,87.72,91.2288,ret_idx
139,100,116,129.92,127.3216,ret_idx
140,100,119,84.49,65.9022,ret_idx
141,100,135,148.5,148.5,ret_idx
142,100,104,132.08,83.2104,ret_idx
143,100,102,103.02,115.3824,ret_idx
144,100,107,101.65,74.2045,ret_idx
145,100,126,128.52,134.946,ret_idx
146,100,86,92.02,88.3392,ret_idx
147,100,79,74.26,54.2098,ret_idx
148,100,84,73.08,93.5424,ret_idx
149,100,133,176.89,187.5034,ret_idx
150,100,99,66.33,90.8721,ret_idx
151,100,128,140.8,161.92,ret_idx
152,100,131,154.58,194.7708,ret_idx
153,100,97,93.12,123.8496,ret_idx
154,100,123,94.71,130.6998,ret_idx
155,100,109,120.99,90.7425,ret_idx
156,100,120,100.8,103.824,ret_idx
157,100,128,174.08,154.9312,ret_idx
158,100,104,140.4,110.916,ret_idx
159,100,72,51.84,49.7664,ret_idx
160,100,69,66.93,90.3555,ret_idx
161,100,72,80.64,79.8336,ret_idx
162,100,123,169.74,145.9764,ret_idx
163,100,127,110.49,106.0704,ret_idx
164,100,116,84.68,65.2036,ret_idx
165,100,72,46.8,64.584,ret_idx
166,100,125,158.75,211.1375,ret_idx
167,100,121,76.23,60.2217,ret_idx
168,100,101,69.69,89.9001,ret_idx
169,100,97,66.93,77.6388,ret_idx
170,100,134,150.08,91.5488,ret_idx
171,100,89,94.34,77.3588,ret_idx
172,100,121,125.84,119.548,ret_idx
173,100,124,163.68,127.6704,ret_idx
174,100,61,59.17,44.3775,ret_idx
175,100,105,132.3,179.928,ret_idx
176,100,87,73.95,48.0675,ret_idx
177,100,97,110.58,149.283,ret_idx
178,100,104,62.4,46.176,ret_idx
179,100,101,61.61,60.9939,ret_idx
180,100,115,157.55,143.3705,ret_idx
181,100,106,69.96,79.0548,ret_idx
182,100,106,93.28,69.0272,ret_idx
183,100,63,74.34,88.4646,ret_idx
184,100,95,81.7,66.177,ret_idx
185,100,66,39.6,50.688,ret_idx
186,100,102,118.32,85.1904,ret_idx
187,100,65,85.15,84.2985,ret_idx
188,100,90,115.2,154.368,ret_idx
189,100,108,81.0,84.24,ret_idx
190,100,123,141.45,195.201,ret_idx
191,100,126,83.16,110.6028,ret_idx
192,100,138,143.52,175.0944,ret_idx
193,100,130,92.3,72.917,ret_idx
194,100,102,125.46,140.5152,ret_idx
195,100,121,101.64,104.6892,ret_idx
196,100,76,66.12,77.3604,ret_idx
197,100,119,103.53,105.6006,ret_idx
198,100,121,121.0,99.22,ret_idx
199,100,78,91.26,91.26,ret_idx
200,100,129,78.69,99.1494,ret_idx
201,100,89,60.52,65.9668,ret_idx
202,100,92,103.96,79.0096,ret_idx
203,100,65,51.35,53.9175,ret_idx
204,100,110,148.5,200.475,ret_idx
205,100,72,74.16,71.1936,ret_idx
206,100,121,142.78,172.7638,ret_idx
207,100,89,101.46,114.6498,ret_idx
208,100,94,59.22,69.8796,ret_idx
209,100,81,75.33,52.731,ret_idx
210,100,65,53.3,65.026,ret_idx
211,100,131,117.9,81.351,ret_idx
212,100,133,129.01,136.7506,ret_idx
213,100,125,175.0,127.75,ret_idx
214,100,137,86.31,53.5122,ret_idx
215,100,135,89.1,65.934,ret_idx
216,100,92,63.48,62.8452,ret_idx
217,100,106,76.32,88.5312,ret_idx
218,100,102,125.46,174.3894,ret_idx
219,100,63,58.59,52.731,ret_idx
220,100,126,124.74,125.9874,ret_idx
221,100,83,101.26,139.7388,ret_idx
222,100,107,98.44,135.8472,ret_idx
223,100,95,106.4,129.808,ret_idx
224,100,113,83.62,105.3612,ret_idx
225,100,78,108.42,110.5884,ret_idx
226,100,64,49.28,35.4816,ret_idx
227,100,105,64.05,81.984,ret_idx
228,100,122,85.4,110.166,ret_idx
229,100,109,103.55,92.1595,ret_idx
230,100,96,96.96,98.8992,ret_idx
231,100,83,71.38,84.9422,ret_idx
232,100,80,81.6,60.384,ret_idx
233,100,83,112.05,154.629,ret_idx
234,100,83,95.45,86.8595,ret_idx
235,100,99,114.84,79.2396,ret_idx
236,100,63,74.34,62.4456,ret_idx
237,100,89,90.78,108.936,ret_idx
238,100,135,135.0,172.8,ret_idx
239,100,95,71.25,54.15,ret_idx
240,100,110,75.9,101.706,ret_idx
241,100,121,113.74,156.9612,ret_idx
242,100,71,73.13,76.7865,ret_idx
243,100,102,81.6,73.44,ret_idx
244,100,119,94.01,78.0283,ret_idx
245,100,62,40.92,44.1936,ret_idx
246,100,118,122.72,121.4928,ret_idx
247,100,135,130.95,140.1165,ret_idx
248,100,132,81.84,106.392,ret_idx
249,100,101,120.19,103.3634,ret_idx
250,100,85,73.95,83.5635,ret_idx
251,100,79,80.58,53.9886,ret_idx
252,100,140,187.6,180.096,ret_idx
253,100,79,104.28,98.0232,ret_idx
254,100,72,67.68,58.2048,ret_idx
255,100,105,66.15,66.15,ret_idx
256,100,96,57.6,56.448,ret_idx
257,100,120,154.8,178.02,ret_idx
258,100,136,112.88,154.6456,ret_idx
259,100,136,170.0,103.7,ret_idx
260,100,63,60.48,80.4384,ret_idx
261,100,93,100.44,134.5896,ret_idx
262,100,102,120.36,122.7672,ret_idx
263,100,99,99.99,118.9881,ret_idx
264,100,101,78.78,74.0532,ret_idx
265,100,76,50.16,66.2112,ret_idx
266,100,82,61.5,79.335,ret_idx
267,100,102,74.46,100.521,ret_idx
268,100,100,126.0,95.76,ret_idx
269,100,61,54.9,63.135,ret_idx
270,100,89,119.26,104.9488,ret_idx
271,100,108,105.84,73.0296,ret_idx
272,100,116,95.12,85.608,ret_idx
273,100,96,70.08,91.104,ret_idx
274,100,130,101.4,92.274,ret_idx
275,100,134,127.3,169.309,ret_idx
276,100,74,59.2,72.224,ret_idx
277,100,129,108.36,94.2732,ret_idx
278,100,95,95.0,68.4,ret_idx
279,100,83,63.91,72.8574,ret_idx
280,100,120,110.4,96.048,ret_idx
281,100,99,121.77,107.1576,ret_idx
282,100,107,146.59,190.567,ret_idx
283,100,60,75.6,101.304,ret_idx
284,100,126,88.2,74.088,ret_idx
285,100,79,97.17,125.3493,ret_idx
286,100,74,101.38,122.6698,ret_idx
287,100,126,136.08,130.6368,ret_idx
288,100,85,112.2,89.76,ret_idx
289,100,118,165.2,208.152,ret_idx
290,100,106,115.54,80.878,ret_idx
291,100,69,80.73,68.6205,ret_idx
292,100,133,87.78,74.613,ret_idx
293,100,122,97.6,73.2,ret_idx
294,100,123,89.79,74.5257,ret_idx
295,100,134,142.04,134.938,ret_idx
296,100,102,67.32,88.1892,ret_idx
297,100,129,126.42,91.0224,ret_idx
298,100,121,76.23,84.6153,ret_idx
299,100,60,55.8,34.038,ret_idx
300,100,124,112.84,99.2992,ret_idx
301,100,83,107.07,137.0496,ret_idx
302,100,110,135.3,143.418,ret_idx
303,100,136,133.28,101.2928,ret_idx
304,100,117,152.1,133.848,ret_idx
305,100,114,119.7,159.201,ret_idx
306,100,82,73.8,45.756,ret_idx
307,100,98,59.78,81.3008,ret_idx
308,100,102,90.78,58.0992,ret_idx
309,100,68,62.56,77.5744,ret_idx
310,100,131,96.94,124.0832,ret_idx
311,100,109,76.3,54.936,ret_idx
312,100,70,65.8,75.012,ret_idx
313,100,105,137.55,89.4075,ret_idx
314,100,87,69.6,59.856,ret_idx
315,100,64,53.12,36.1216,ret_idx
316,100,90,68.4,48.564,ret_idx
317,100,109,137.34,107.1252,ret_idx
318,100,67,64.32,64.32,ret_idx
319,100,72,88.56,69.0768,ret_idx
320,100,61,71.98,55.4246,ret_idx
321,100,116,90.48,72.384,ret_idx
322,100,104,68.64,63.8352,ret_idx
323,100,105,76.65,78.183,ret_idx
324,100,62,86.8,81.592,ret_idx
325,100,135,91.8,80.784,ret_idx
326,100,121,134.31,139.6824,ret_idx
327,100,93,112.53,84.3975,ret_idx
328,100,92,70.84,93.5088,ret_idx
329,100,91,68.25,42.9975,ret_idx
330,100,124,143.84,148.1552,ret_idx
331,100,63,42.84,31.2732,ret_idx
332,100,78,105.3,74.763,ret_idx
333,100,78,102.18,83.7876,ret_idx
334,100,114,99.18,102.1554,ret_idx
335,100,60,63.0,49.77,ret_idx
336,100,79,82.95,81.291,ret_idx
337,100,133,143.64,165.186,ret_idx
338,100,126,163.8,178.542,ret_idx
339,100,65,75.4,55.042,ret_idx
340,100,118,105.02,124.9738,ret_idx
341,100,114,87.78,99.1914,ret_idx
342,100,139,187.65,198.909,ret_idx
343,100,68,90.44,95.8664,ret_idx
344,100,101,75.75,64.3875,ret_idx
345,100,119,166.6,168.266,ret_idx
346,100,134,117.92,145.0416,ret_idx
347,100,114,79.8,106.134,ret_idx
348,100,100,133.0,106.4,ret_idx
349,100,128,136.96,145.1776,ret_idx
350,100,73,51.1,34.748,ret_idx
351,100,93,128.34,125.7732,ret_idx
352,100,134,123.28,163.9624,ret_idx
353,100,101,118.17,80.3556,ret_idx
354,100,108,147.96,145.0008,ret_idx
355,100,83,63.91,76.692,ret_idx
356,100,72,60.48,44.1504,ret_idx
357,100,102,90.78,62.6382,ret_idx
358,100,118,75.52,52.1088,ret_idx
359,100,75,66.75,72.7575,ret_idx
360,100,128,96.0,72.0,ret_idx
361,100,132,178.2,196.02,ret_idx
362,100,138,147.66,184.575,ret_idx
363,100,117,143.91,110.8107,ret_idx
364,100,90,79.2,54.648,ret_idx
365,100,132,134.64,161.568,ret_idx
366,100,99,59.4,71.874,ret_idx
367,100,81,104.49,67.9185,ret_idx
368,100,90,97.2,133.164,ret_idx
369,100,134,125.96,167.5268,ret_idx
370,100,130,100.1,134.134,ret_idx
371,100,132,122.76,169.4088,ret_idx
372,100,139,130.66,121.5138,ret_idx
373,100,132,91.08,112.0284,ret_idx
374,100,125,161.25,208.0125,ret_idx
375,100,137,116.45,114.121,ret_idx
376,100,90,68.4,82.08,ret_idx
377,100,110,143.0,140.14,ret_idx
378,100,65,88.4,74.256,ret_idx
379,100,84,82.32,60.9168,ret_idx
380,100,62,82.46,80.8108,ret_idx
381,100,130,146.9,196.846,ret_idx
382,100,94,104.34,131.4684,ret_idx
383,100,126,85.68,77.9688,ret_idx
384,100,65,62.4,61.152,ret_idx
385,100,105,91.35,119.6685,ret_idx
386,100,72,77.76,67.6512,ret_idx
387,100,140,158.2,174.02,ret_idx
388,100,95,128.25,120.555,ret_idx
389,100,119,130.9,140.063,ret_idx
390,100,74,97.68,127.9608,ret_idx
391,100,123,134.07,124.6851,ret_idx
392,100,72,66.24,82.8,ret_idx
393,100,139,134.83,175.279,ret_idx
394,100,60,54.0,75.06,ret_idx
395,100,82,74.62,73.8738,ret_idx
396,100,112,137.76,117.096,ret_idx
397,100,79,60.04,69.6464,ret_idx
398,100,66,53.46,36.3528,ret_idx
399,100,90,72.9,61.236,ret_idx
400,100,132,180.84,173.6064,ret_idx
401,100,122,126.88,133.224,ret_idx
402,100,91,82.81,109.3092,ret_idx
403,100,130,124.8,122.304,ret_idx
404,100,115,86.25,103.5,ret_idx
405,100,78,62.4,44.304,ret_idx
406,100,64,87.04,96.6144,ret_idx
407,100,123,73.8,101.106,ret_idx
408,100,93,93.0,104.16,ret_idx
409,100,140,158.2,105.994,ret_idx
410,100,76,46.36,27.816,ret_idx
411,100,120,79.2,103.752,ret_idx
412,100,72,88.56,84.132,ret_idx
413,100,127,78.74,70.866,ret_idx
414,100,139,159.85,174.2365,ret_idx
415,100,73,68.62,62.4442,ret_idx
416,100,65,56.55,64.467,ret_idx
417,100,102,82.62,57.0078,ret_idx
418,100,120,98.4,130.872,ret_idx
419,100,84,97.44,71.1312,ret_idx
420,100,80,94.4,58.528,ret_idx
421,100,82,72.98,62.7628,ret_idx
422,100,111,130.98,96.9252,ret_idx
423,100,104,125.84,143.4576,ret_idx
424,100,126,88.2,75.852,ret_idx
425,100,93,96.72,74.4744,ret_idx
426,100,91,59.15,70.3885,ret_idx
427,100,62,79.98,100.7748,ret_idx
428,100,115,92.0,110.4,ret_idx
429,100,132,113.52,116.9256,ret_idx
430,100,115,106.95,105.8805,ret_idx
431,100,122,135.42,93.4398,ret_idx
432,100,108,98.28,77.6412,ret_idx
433,100,133,146.3,147.763,ret_idx
434,100,109,150.42,165.462,ret_idx
435,100,138,179.4,141.726,ret_idx
436,100,123,114.39,132.6924,ret_idx
437,100,90,70.2,56.16,ret_idx
438,100,115,72.45,60.858,ret_idx
439,100,85,70.55,95.2425,ret_idx
440,100,97,61.11,64.7766,ret_idx
441,100,70,58.8,38.808,ret_idx
442,100,68,63.92,48.5792,ret_idx
443,100,104,83.2,55.744,ret_idx
444,100,89,114.81,87.2556,ret_idx
445,100,85,117.3,92.667,ret_idx
446,100,88,108.24,70.356,ret_idx
447,100,84,77.28,56.4144,ret_idx
448,100,131,178.16,167.4704,ret_idx
449,100,123,91.02,81.0078,ret_idx
450,100,111,127.65,118.7145,ret_idx
451,100,93,119.04,133.3248,ret_idx
452,100,92,98.44,81.7052,ret_idx
453,100,116,87.0,54.81,ret_idx
454,100,66,83.82,107.2896,ret_idx
455,100,121,76.23,57.9348,ret_idx
456,100,93,103.23,131.1021,ret_idx
457,100,61,67.71,46.7199,ret_idx
458,100,85,98.6,110.432,ret_idx
459,100,134,129.98,105.2838,ret_idx
460,100,82,54.12,70.356,ret_idx
461,100,114,127.68,94.4832,ret_idx
462,100,103,75.19,68.4229,ret_idx
463,100,121,106.48,68.1472,ret_idx
464,100,66,86.46,76.9494,ret_idx
465,100,102,98.94,81.1308,ret_idx
466,100,63,76.23,48.7872,ret_idx
467,100,88,110.0,78.1,ret_idx
468,100,127,163.83,201.5109,ret_idx
469,100,139,88.96,73.8368,ret_idx
470,100,80,93.6,123.552,ret_idx
471,100,79,75.84,70.5312,ret_idx
472,100,60,70.8,99.12,ret_idx
473,100,67,58.96,67.2144,ret_idx
474,100,114,100.32,126.4032,ret_idx
475,100,136,85.68,83.1096,ret_idx
476,100,71,86.62,104.8102,ret_idx
477,100,100,84.0,99.12,ret_idx
478,100,108,70.2,42.12,ret_idx
479,100,86,97.18,101.0672,ret_idx
480,100,65,74.1,88.179,ret_idx
481,100,72,88.56,110.7,ret_idx
482,100,74,73.26,96.7032,ret_idx
483,100,127,175.26,168.2496,ret_idx
484,100,109,122.08,108.6512,ret_idx
485,100,79,60.04,64.2428,ret_idx
486,100,83,55.61,54.4978,ret_idx
487,100,120,148.8,183.024,ret_idx
488,100,63,68.67,66.6099,ret_idx
489,100,80,79.2,72.072,ret_idx
490,100,140,147.0,147.0,ret_idx
491,100,137,137.0,134.26,ret_idx
492,100,133,138.32,174.2832,ret_idx
493,100,137,84.94,91.7352,ret_idx
494,100,132,91.08,114.7608,ret_idx
495,100,113,113.0,73.45,ret_idx
496,100,103,94.76,56.856,ret_idx
497,100,94,102.46,133.198,ret_idx
498,100,127,105.41,100.1395,ret_idx
499,100,85,56.95,79.1605,ret_idx
500,100,135,97.2,135.108,ret_idx
501,100,86,96.32,62.608,ret_idx
502,100,88,80.08,83.2832,ret_idx
503,100,74,95.46,103.0968,ret_idx
504,100,117,92.43,104.4459,ret_idx
505,100,62,81.22,108.8348,ret_idx
506,100,84,60.48,79.8336,ret_idx
507,100,98,106.82,111.0928,ret_idx
508,100,101,61.61,72.6998,ret_idx
509,100,127,128.27,170.5991,ret_idx
510,100,118,92.04,121.4928,ret_idx
511,100,126,162.54,113.778,ret_idx
512,100,69,84.87,62.8038,ret_idx
513,100,104,134.16,112.6944,ret_idx
514,100,81,54.27,71.6364,ret_idx
515,100,91,58.24,65.2288,ret_idx
516,100,103,80.34,65.0754,ret_idx
517,100,70,76.3,105.294,ret_idx
518,100,129,145.77,88.9197,ret_idx
519,100,139,183.48,132.1056,ret_idx
520,100,77,70.07,97.3973,ret_idx
521,100,82,111.52,111.52,ret_idx
522,100,89,113.92,128.7296,ret_idx
523,100,124,146.32,178.5104,ret_idx
524,100,108,133.92,135.2592,ret_idx
525,100,136,176.8,155.584,ret_idx
526,100,64,76.8,88.32,ret_idx
527,100,125,147.5,172.575,ret_idx
528,100,72,80.64,59.6736,ret_idx
529,100,104,111.28,151.3408,ret_idx
530,100,127,158.75,95.25,ret_idx
531,100,65,74.1,85.215,ret_idx
532,100,137,82.2,59.184,ret_idx
533,100,120,132.0,182.16,ret_idx
534,100,94,101.52,141.1128,ret_idx
535,100,100,75.0,84.75,ret_idx
536,100,117,161.46,188.9082,ret_idx
537,100,133,175.56,235.2504,ret_idx
538,100,137,153.44,107.408,ret_idx
539,100,77,100.1,103.103,ret_idx
540,100,125,118.75,105.6875,ret_idx
541,100,139,126.49,160.6423,ret_idx
542,100,130,83.2,111.488,ret_idx
543,100,104,69.68,65.4992,ret_idx
544,100,122,157.38,206.1678,ret_idx
545,100,67,93.13,105.2369,ret_idx
546,100,125,138.75,116.55,ret_idx
547,100,108,96.12,82.6632,ret_idx
548,100,70,84.0,94.08,ret_idx
549,100,132,110.88,144.144,ret_idx
550,100,124,128.96,149.5936,ret_idx
551,100,124,141.36,93.2976,ret_idx
552,100,139,194.6,258.818,ret_idx
553,100,97,108.64,90.1712,ret_idx
554,100,66,85.8,102.96,ret_idx
555,100,133,123.69,108.8472,ret_idx
556,100,119,163.03,122.2725,ret_idx
557,100,86,118.68,164.9652,ret_idx
558,100,132,134.64,150.7968,ret_idx
559,100,125,167.5,112.225,ret_idx
560,100,92,128.8,109.48,ret_idx
561,100,126,93.24,66.2004,ret_idx
562,100,118,130.98,103.4742,ret_idx
563,100,110,84.7,88.935,ret_idx
564,100,139,123.71,171.9569,ret_idx
565,100,138,178.02,238.5468,ret_idx
566,100,134,144.72,172.2168,ret_idx
567,100,61,62.22,85.2414,ret_idx
568,100,123,150.06,181.5726,ret_idx
569,100,66,40.92,38.874,ret_idx
570,100,114,86.64,84.9072,ret_idx
571,100,121,75.02,45.012,ret_idx
572,100,136,103.36,144.704,ret_idx
573,100,122,118.34,143.1914,ret_idx
574,100,138,118.68,143.6028,ret_idx
575,100,83,62.25,41.085,ret_idx
576,100,91,55.51,71.6079,ret_idx
577,100,121,93.17,60.5605,ret_idx
578,100,124,164.92,141.8312,ret_idx
579,100,68,42.16,38.3656,ret_idx
580,100,63,80.01,81.6102,ret_idx
581,100,84,68.04,85.7304,ret_idx
582,100,117,138.06,182.2392,ret_idx
583,100,82,93.48,67.3056,ret_idx
584,100,133,146.3,137.522,ret_idx
585,100,105,86.1,59.409,ret_idx
586,100,123,81.18,94.9806,ret_idx
587,100,76,65.36,44.4448,ret_idx
588,100,68,68.0,73.44,ret_idx
589,100,129,116.1,87.075,ret_idx
590,100,138,193.2,235.704,ret_idx
591,100,72,59.76,60.3576,ret_idx
592,100,94,70.5,93.765,ret_idx
593,100,81,51.03,67.8699,ret_idx
594,100,87,111.36,124.7232,ret_idx
595,100,98,137.2,141.316,ret_idx
596,100,100,61.0,43.92,ret_idx
597,100,124,146.32,114.1296,ret_idx
598,100,129,174.15,189.8235,ret_idx
599,100,121,150.04,184.5492,ret_idx
600,100,128,170.24,238.336,ret_idx
601,100,120,144.0,177.12,ret_idx
602,100,115,78.2,75.072,ret_idx
603,100,89,80.1,51.264,ret_idx
604,100,68,87.04,100.096,ret_idx
605,100,87,107.01,92.0286,ret_idx
606,100,92,60.72,41.2896,ret_idx
607,100,70,82.6,79.296,ret_idx
608,100,111,128.76,168.6756,ret_idx
609,100,68,59.16,61.5264,ret_idx
610,100,92,81.88,90.8868,ret_idx
611,100,90,109.8,131.76,ret_idx
612,100,91,99.19,76.3763,ret_idx
613,100,88,80.08,86.4864,ret_idx
614,100,129,87.72,76.3164,ret_idx
615,100,97,68.87,84.0214,ret_idx
616,100,124,79.36,111.104,ret_idx
617,100,68,47.6,32.368,ret_idx
618,100,82,59.04,76.752,ret_idx
619,100,103,144.2,161.504,ret_idx
620,100,91,92.82,70.5432,ret_idx
621,100,95,86.45,77.805,ret_idx
622,100,134,143.38,164.887,ret_idx
623,100,110,129.8,102.542,ret_idx
624,100,131,104.8,144.624,ret_idx
625,100,100,98.0,106.82,ret_idx
626,100,67,54.27,40.7025,ret_idx
627,100,76,77.52,74.4192,ret_idx
628,100,136,186.32,113.6552,ret_idx
629,100,85,105.4,128.588,ret_idx
630,100,86,93.74,96.5522,ret_idx
631,100,115,105.8,79.35,ret_idx
632,100,106,110.24,78.2704,ret_idx
633,100,67,89.11,90.8922,ret_idx
634,100,132,132.0,180.84,ret_idx
635,100,73,89.06,103.3096,ret_idx
636,100,109,116.63,101.4681,ret_idx
637,100,122,114.68,127.2948,ret_idx
638,100,101,139.38,160.287,ret_idx
639,100,91,82.81,72.8728,ret_idx
640,100,83,63.08,66.8648,ret_idx
641,100,115,71.3,52.762,ret_idx
642,100,103,77.25,101.97,ret_idx
643,100,72,56.88,63.7056,ret_idx
644,100,91,57.33,72.8091,ret_idx
645,100,116,155.44,101.036,ret_idx
646,100,101,62.62,57.6104,ret_idx
647,100,109,138.43,85.8266,ret_idx
648,100,116,150.8,128.18,ret_idx
649,100,72,43.92,59.7312,ret_idx
650,100,107,145.52,160.072,ret_idx
651,100,66,67.32,88.1892,ret_idx
652,100,100,77.0,66.22,ret_idx
653,100,95,114.0,136.8,ret_idx
654,100,138,146.28,187.2384,ret_idx
655,100,63,66.78,74.1258,ret_idx
656,100,61,74.42,65.4896,ret_idx
657,100,96,98.88,67.2384,ret_idx
658,100,138,103.5,113.85,ret_idx
659,100,112,151.2,182.952,ret_idx
660,100,87,105.27,94.743,ret_idx
661,100,79,62.41,41.8147,ret_idx
662,100,68,41.48,55.1684,ret_idx
663,100,136,87.04,98.3552,ret_idx
664,100,72,60.48,38.7072,ret_idx
665,100,73,86.14,81.833,ret_idx
666,100,63,52.92,44.982,ret_idx
667,100,129,138.03,153.2133,ret_idx
668,100,93,80.91,62.3007,ret_idx
669,100,87,67.86,44.7876,ret_idx
670,100,130,174.2,221.234,ret_idx
671,100,64,78.72,67.6992,ret_idx
672,100,92,67.16,83.2784,ret_idx
673,100,111,128.76,103.008,ret_idx
674,100,105,138.6,180.18,ret_idx
675,100,89,98.79,94.8384,ret_idx
676,100,101,98.98,134.6128,ret_idx
677,100,136,145.52,157.1616,ret_idx
678,100,112,137.76,106.0752,ret_idx
679,100,136,140.08,99.4568,ret_idx
680,100,67,52.26,48.0792,ret_idx
681,100,105,113.4,132.678,ret_idx
682,100,80,104.0,131.04,ret_idx
683,100,122,170.8,196.42,ret_idx
684,100,76,80.56,87.8104,ret_idx
685,100,106,77.38,56.4874,ret_idx
686,100,113,126.56,118.9664,ret_idx
687,100,74,58.46,50.2756,ret_idx
688,100,93,62.31,74.772,ret_idx
689,100,139,95.91,87.2781,ret_idx
690,100,74,57.72,64.0692,ret_idx
691,100,86,61.92,57.5856,ret_idx
692,100,120,86.4,61.344,ret_idx
693,100,68,53.72,56.9432,ret_idx
694,100,86,71.38,70.6662,ret_idx
695,100,115,100.05,119.0595,ret_idx
696,100,67,79.06,69.5728,ret_idx
697,100,132,81.84,108.0288,ret_idx
698,100,85,53.55,53.0145,ret_idx
699,100,84,60.48,47.7792,ret_idx
700,100,65,84.5,86.19,ret_idx
701,100,113,118.65,83.055,ret_idx
702,100,100,66.0,82.5,ret_idx
703,100,130,85.8,94.38,ret_idx
704,100,91,73.71,52.3341,ret_idx
705,100,125,82.5,104.775,ret_idx
706,100,127,162.56,113.792,ret_idx
707,100,71,48.28,43.452,ret_idx
708,100,124,78.12,67.9644,ret_idx
709,100,87,80.04,88.8444,ret_idx
710,100,72,60.48,84.0672,ret_idx
711,100,127,77.47,51.1302,ret_idx
712,100,129,126.42,128.9484,ret_idx
713,100,128,142.08,122.1888,ret_idx
714,100,77,93.94,90.1824,ret_idx
715,100,82,82.82,81.9918,ret_idx
716,100,91,82.81,60.4513,ret_idx
717,100,104,66.56,88.5248,ret_idx
718,100,94,72.38,100.6082,ret_idx
719,100,89,64.08,39.7296,ret_idx
720,100,73,55.48,64.9116,ret_idx
721,100,74,99.9,121.878,ret_idx
722,100,85,101.15,129.472,ret_idx
723,100,60,51.6,60.888,ret_idx
724,100,134,148.74,208.236,ret_idx
725,100,112,69.44,78.4672,ret_idx
726,100,103,114.33,70.8846,ret_idx
727,100,136,116.96,111.112,ret_idx
728,100,114,119.7,131.67,ret_idx
729,100,72,62.64,53.8704,ret_idx
730,100,101,121.2,153.924,ret_idx
731,100,105,67.2,90.72,ret_idx
732,100,120,121.2,96.96,ret_idx
733,100,130,133.9,112.476,ret_idx
734,100,128,176.64,158.976,ret_idx
735,100,118,145.14,161.1054,ret_idx
736,100,103,92.7,107.532,ret_idx
737,100,92,96.6,133.308,ret_idx
738,100,140,112.0,90.72,ret_idx
739,100,114,94.62,124.8984,ret_idx
740,100,84,53.76,34.944,ret_idx
741,100,93,108.81,89.2242,ret_idx
742,100,116,141.52,164.1632,ret_idx
743,100,133,163.59,204.4875,ret_idx
744,100,75,90.75,113.4375,ret_idx
745,100,121,129.47,126.8806,ret_idx
746,100,115,108.1,90.804,ret_idx
747,100,78,50.7,39.546,ret_idx
748,100,75,84.75,96.615,ret_idx
749,100,67,51.59,42.8197,ret_idx
750,100,107,109.14,120.054,ret_idx
751,100,99,94.05,66.7755,ret_idx
752,100,97,73.72,76.6688,ret_idx
753,100,68,46.24,34.2176,ret_idx
754,100,87,53.07,64.2147,ret_idx
755,100,99,59.4,82.566,ret_idx
756,100,93,98.58,106.4664,ret_idx
757,100,104,106.08,85.9248,ret_idx
758,100,138,190.44,123.786,ret_idx
759,100,89,59.63,78.7116,ret_idx
760,100,125,85.0,71.4,ret_idx
761,100,122,119.56,133.9072,ret_idx
762,100,119,121.38,160.2216,ret_idx
763,100,96,83.52,86.8608,ret_idx
764,100,138,85.56,88.9824,ret_idx
765,100,112,107.52,104.2944,ret_idx
766,100,97,97.0,105.73,ret_idx
767,100,64,78.72,62.976,ret_idx
768,100,71,46.86,49.6716,ret_idx
769,100,99,114.84,127.4724,ret_idx
770,100,125,82.5,75.075,ret_idx
771,100,119,104.72,77.4928,ret_idx
772,100,127,83.82,92.202,ret_idx
773,100,104,98.8,113.62,ret_idx
774,100,74,45.14,47.397,ret_idx
775,100,103,83.43,59.2353,ret_idx
776,100,61,46.97,65.758,ret_idx
777,100,87,53.94,34.5216,ret_idx
778,100,83,97.94,96.9606,ret_idx
779,100,138,103.5,69.345,ret_idx
780,100,137,100.01,85.0085,ret_idx
781,100,88,80.96,94.7232,ret_idx
782,100,131,182.09,198.4781,ret_idx
783,100,111,106.56,79.92,ret_idx
784,100,131,108.73,106.5554,ret_idx
785,100,76,77.52,88.3728,ret_idx
786,100,73,102.2,95.046,ret_idx
787,100,70,60.2,47.558,ret_idx
788,100,102,121.38,159.0078,ret_idx
789,100,61,51.24,64.05,ret_idx
790,100,64,56.96,76.3264,ret_idx
791,100,79,97.17,98.1417,ret_idx
792,100,97,77.6,101.656,ret_idx
793,100,99,122.76,109.2564,ret_idx
794,100,127,146.05,159.1945,ret_idx
795,100,96,109.44,148.8384,ret_idx
796,100,129,130.29,132.8958,ret_idx
797,100,75,83.25,65.7675,ret_idx
798,100,126,166.32,224.532,ret_idx
799,100,94,123.14,81.2724,ret_idx
800,100,128,88.32,65.3568,ret_idx
801,100,131,182.09,236.717,ret_idx
802,100,85,107.95,96.0755,ret_idx
803,100,74,48.1,60.606,ret_idx
804,100,80,80.0,84.0,ret_idx
805,100,129,152.22,184.1862,ret_idx
806,100,119,113.05,84.7875,ret_idx
807,100,60,54.6,70.98,ret_idx
808,100,138,91.08,58.2912,ret_idx
809,100,83,83.0,61.42,ret_idx
810,100,127,119.38,81.1784,ret_idx
811,100,62,63.86,74.0776,ret_idx
812,100,69,52.44,57.684,ret_idx
813,100,64,40.32,41.5296,ret_idx
814,100,111,150.96,172.0944,ret_idx
815,100,121,100.43,70.301,ret_idx
816,100,118,70.8,89.916,ret_idx
817,100,89,77.43,68.1384,ret_idx
818,100,96,95.04,95.04,ret_idx
819,100,112,81.76,110.376,ret_idx
820,100,99,112.86,84.645,ret_idx
821,100,98,117.6,98.784,ret_idx
822,100,79,86.11,65.4436,ret_idx
823,100,94,116.56,145.7,ret_idx
824,100,96,98.88,137.4432,ret_idx
825,100,134,84.42,86.9526,ret_idx
826,100,106,94.34,91.5098,ret_idx
827,100,116,135.72,93.6468,ret_idx
828,100,140,103.6,138.824,ret_idx
829,100,118,134.52,188.328,ret_idx
830,100,66,45.54,42.3522,ret_idx
831,100,136,107.44,64.464,ret_idx
832,100,88,62.48,56.232,ret_idx
833,100,64,72.96,70.7712,ret_idx
834,100,96,113.28,69.1008,ret_idx
835,100,114,96.9,78.489,ret_idx
836,100,83,101.26,105.3104,ret_idx
837,100,139,132.05,97.717,ret_idx
838,100,76,60.8,51.68,ret_idx
839,100,116,109.04,146.1136,ret_idx
840,100,105,100.8,136.08,ret_idx
841,100,74,98.42,88.578,ret_idx
842,100,101,134.33,84.6279,ret_idx
843,100,105,94.5,104.895,ret_idx
844,100,107,121.98,148.8156,ret_idx
845,100,85,51.85,48.739,ret_idx
846,100,114,95.76,112.9968,ret_idx
847,100,104,124.8,154.752,ret_idx
848,100,138,160.08,104.052,ret_idx
849,100,121,85.91,108.2466,ret_idx
850,100,103,142.14,170.568,ret_idx
851,100,88,109.12,98.208,ret_idx
852,100,63,64.26,86.1084,ret_idx
853,100,102,123.42,87.6282,ret_idx
854,100,85,106.25,127.5,ret_idx
855,100,85,109.65,148.0275,ret_idx
856,100,140,141.4,101.808,ret_idx
857,100,136,131.92,178.092,ret_idx
858,100,92,77.28,72.6432,ret_idx
859,100,98,126.42,101.136,ret_idx
860,100,119,147.56,184.45,ret_idx
861,100,121,96.8,102.608,ret_idx
862,100,62,37.2,34.596,ret_idx
863,100,80,110.4,77.28,ret_idx
864,100,66,74.58,102.9204,ret_idx
865,100,90,104.4,68.904,ret_idx
866,100,81,71.28,78.408,ret_idx
867,100,121,151.25,163.35,ret_idx
868,100,115,75.9,99.429,ret_idx
869,100,83,78.85,96.197,ret_idx
870,100,132,145.2,198.924,ret_idx
871,100,87,94.83,118.5375,ret_idx
872,100,70,91.7,95.368,ret_idx
873,100,78,80.34,73.1094,ret_idx
874,100,108,119.88,81.5184,ret_idx
875,100,132,147.84,138.9696,ret_idx
876,100,110,97.9,99.858,ret_idx
877,100,120,78.0,83.46,ret_idx
878,100,62,44.64,27.6768,ret_idx
879,100,123,104.55,112.914,ret_idx
880,100,129,96.75,99.6525,ret_idx
881,100,84,93.24,69.93,ret_idx
882,100,139,169.58,193.3212,ret_idx
883,100,86,96.32,100.1728,ret_idx
884,100,65,59.15,75.1205,ret_idx
885,100,121,117.37,139.6703,ret_idx
886,100,76,87.4,93.518,ret_idx
887,100,86,105.78,130.1094,ret_idx
888,100,121,98.01,127.413,ret_idx
889,100,140,190.4,236.096,ret_idx
890,100,132,104.28,71.9532,ret_idx
891,100,130,79.3,85.644,ret_idx
892,100,106,102.82,88.4252,ret_idx
893,100,93,83.7,97.929,ret_idx
894,100,118,143.96,146.8392,ret_idx
895,100,110,146.3,188.727,ret_idx
896,100,102,113.22,125.6742,ret_idx
897,100,116,128.76,83.694,ret_idx
898,100,114,76.38,90.1284,ret_idx
899,100,122,111.02,102.1384,ret_idx
900,100,61,45.14,53.2652,ret_idx
901,100,114,145.92,199.9104,ret_idx
902,100,101,112.11,149.1063,ret_idx
903,100,129,108.36,127.8648,ret_idx
904,100,82,64.78,47.9372,ret_idx
905,100,62,45.26,38.0184,ret_idx
906,100,100,133.0,155.61,ret_idx
907,100,80,50.4,31.752,ret_idx
908,100,135,144.45,199.341,ret_idx
909,100,138,96.6,97.566,ret_idx
910,100,90,115.2,111.744,ret_idx
911,100,73,99.28,101.2656,ret_idx
912,100,122,114.68,158.2584,ret_idx
913,100,101,123.22,166.347,ret_idx
914,100,81,79.38,92.0808,ret_idx
915,100,61,78.69,109.3791,ret_idx
916,100,97,84.39,57.3852,ret_idx
917,100,140,98.0,94.08,ret_idx
918,100,102,66.3,55.029,ret_idx
919,100,85,104.55,105.5955,ret_idx
920,100,102,114.24,118.8096,ret_idx
921,100,83,114.54,128.2848,ret_idx
922,100,70,65.8,52.64,ret_idx
923,100,135,103.95,140.3325,ret_idx
924,100,101,64.64,40.0768,ret_idx
925,100,65,60.45,44.1285,ret_idx
926,100,94,117.5,94.0,ret_idx
927,100,61,63.44,87.5472,ret_idx
928,100,96,107.52,135.4752,ret_idx
929,100,97,68.87,88.8423,ret_idx
930,100,125,90.0,91.8,ret_idx
931,100,110,117.7,151.833,ret_idx
932,100,109,116.63,106.1333,ret_idx
933,100,85,79.9,53.533,ret_idx
934,100,120,73.2,90.036,ret_idx
935,100,61,76.86,93.0006,ret_idx
936,100,61,39.65,24.583,ret_idx
937,100,140,152.6,117.502,ret_idx
938,100,139,98.69,102.6376,ret_idx
939,100,108,135.0,106.65,ret_idx
940,100,111,86.58,98.7012,ret_idx
941,100,74,62.9,59.755,ret_idx
942,100,82,73.8,57.564,ret_idx
943,100,132,101.64,83.3448,ret_idx
944,100,67,49.58,57.5128,ret_idx
945,100,64,45.44,35.4432,ret_idx
946,100,87,75.69,85.5297,ret_idx
947,100,131,98.25,112.005,ret_idx
948,100,73,75.92,75.92,ret_idx
949,100,66,69.3,47.817,ret_idx
950,100,106,139.92,176.2992,ret_idx
951,100,139,193.21,179.6853,ret_idx
952,100,105,85.05,85.9005,ret_idx
953,100,114,147.06,100.0008,ret_idx
954,100,111,95.46,93.5508,ret_idx
955,100,92,101.2,94.116,ret_idx
956,100,103,120.51,87.9723,ret_idx
957,100,69,64.86,60.3198,ret_idx
958,100,113,126.56,174.6528,ret_idx
959,100,122,100.04,139.0556,ret_idx
960,100,68,55.08,34.7004,ret_idx
961,100,84,88.2,84.672,ret_idx
962,100,116,116.0,81.2,ret_idx
963,100,86,79.12,87.032,ret_idx
964,100,123,126.69,79.8147,ret_idx
965,100,90,111.6,97.092,ret_idx
966,100,88,72.16,71.4384,ret_idx
967,100,107,88.81,103.9077,ret_idx
968,100,71,79.52,78.7248,ret_idx
969,100,127,96.52,65.6336,ret_idx
970,100,135,136.35,124.0785,ret_idx
971,100,119,77.35,69.615,ret_idx
972,100,90,107.1,94.248,ret_idx
973,100,133,163.59,107.9694,ret_idx
974,100,112,126.56,101.248,ret_idx
975,100,96,110.4,113.712,ret_idx
976,100,106,96.46,105.1414,ret_idx
977,100,71,87.33,57.6378,ret_idx
978,100,95,100.7,120.84,ret_idx
979,100,123,89.79,67.3425,ret_idx
980,100,99,102.96,67.9536,ret_idx
981,100,134,164.82,125.2632,ret_idx
982,100,96,119.04,166.656,ret_idx
983,100,88,85.36,58.0448,ret_idx
984,100,87,77.43,104.5305,ret_idx
985,100,84,52.92,50.274,ret_idx
986,100,94,118.44,145.6812,ret_idx
987,100,140,184.8,219.912,ret_idx
988,100,127,88.9,74.676,ret_idx
989,100,90,66.6,86.58,ret_idx
990,100,95,93.1,91.238,ret_idx
991,100,107,99.51,60.7011,ret_idx
992,100,98,119.56,132.7116,ret_idx
993,100,139,132.05,136.0115,ret_idx
994,100,93,61.38,40.5108,ret_idx
995,100,69,82.8,52.164,ret_idx
996,100,105,86.1,51.66,ret_idx
997,100,92,76.36,50.3976,ret_idx
998,100,116,77.72,94.0412,ret_idx
999,100,128,101.12,138.5344,ret_idx
